{
  "Estimated": {
    "start": [
      1645002364.4376981
    ], 
    "end": [
      1645002652.0332394
    ], 
    "n_meas": [
      2759
    ]
  }
}